Job Title,Company,Location,Posted,Summary,Job URL
Co-Op/Intern,"Jonah Group Ltd., The","Toronto, ON",14 hours ago,"software experts. What You’ll Do:. Develop, maintain, and integrate coding throughout the software development lifecycle. Work alongside a team of skilled professionals to gather project...",https://www.eluta.ca/direct/p?i=a4298cbaf3c1c53c768e011927eafc9f
Technical Writer Intern,Tecsys Inc.,"Markham, ON",15 hours ago,"software company focused on supply chain
transformation. Its OrderDynamics Distributed Order Management (DOM) Platform helps
retailers connect their digital commerce to their physical stores. Iconic...",https://www.eluta.ca/direct/p?i=a16c9cadaaa08b1efaae838107c5d0dc
Data Engineering Developer Intern,Critical Mass Inc.,"Toronto, ON",16 hours ago,"Developer Intern to join our growing team. In
this role you will collaborate with the rest of the data engineering team to help us develop
code to collect, store, and process huge data sets for...",https://www.eluta.ca/direct/p?i=60539967fdae040e0c12017fa248ab17
Android SystemUI Developer Co-op - Infotainment (Winter 2022),General Motors of Canada Company,"Markham, ON",21 hours ago,"software development intern to be responsible for the development and
maintenance of platform of Android based information and entertainment (Infotainment)
system. You will be working along-side...",https://www.eluta.ca/direct/p?i=5732b9ea801bc746cd240a936aa4e730
Spring 2022 - Software Developer Intern,Konrad Group Inc.,"Toronto, ON",22 hours ago,"tware Developer Intern As a Software Developer Intern you'll be paired up with a mentor working on both the front end
and back end of our web or mobile applications. Working within the software...",https://www.eluta.ca/direct/p?i=96f2448afdb14ce464d656b19a43cfbe
Software Developer Intern (4 months),IBM Canada Ltd.,"Toronto, ON",22 hours ago,"Big data (Hadoop, Spark) platform is a plus. Experience consuming SaaS AI, NLP services. Registered in a formal co-op/internship program Must have the ability to work in Canada without sponsorship...",https://www.eluta.ca/direct/p?i=0adad1308663e629c8d6845db5ad0111
DevOps Developer Intern (4 months),IBM Canada Ltd.,"Markham, ON",22 hours ago,"Developer Intern is responsible for various tasks that range from receiving
electronic customer submitted cases, analyzing cases, taking ownership and driving
resolution of cases. In addition to case...",https://www.eluta.ca/direct/p?i=72d25c3e1a1b92309f170f6aabf2bbed
DevOps Developer Intern (4 months),IBM Canada Ltd.,"Markham, ON",22 hours ago,"software running on Kubernetes,
while understanding and tracking security, network, and data encryption requirements and
policies -Growing your skills in QA and automation focusing in the areas of...",https://www.eluta.ca/direct/p?i=4d5684f2f4e578d80b36659b7ad6d82d
Node.js Software Developer Intern (4 Months),IBM Canada Ltd.,"Markham, ON",22 hours ago,"software developer interns who will
help us create and maintain an enterprise offering that delivers the entire IBM Cloud Console
user interface. Ours is a very tight knit team who share a passion...",https://www.eluta.ca/direct/p?i=2913c4dd3635d37d641a5c1fb991ea55
Developer: Technical Support Intern (8 months),IBM Canada Ltd.,"Markham, ON",22 hours ago,"software). Network administration Container technologies (e.g. Kubernetes, Docker). Agile methodologies. Registered in a formal co-op/internship program Must have the ability to work in Canada...",https://www.eluta.ca/direct/p?i=98c527833aeb343e982320ee18d17d57
Cloud Test Automation Intern (8 months),IBM Canada Ltd.,"Markham, ON",22 hours ago,"developer,
comfort in working with design and engineering in an iterative model to ensure our user
experience is well tested and of the highest quality. The successful candidate will work with
many...",https://www.eluta.ca/direct/p?i=38f5141bf38a95e2ef0cdc7a2e11e80c
DevOps Developer Intern (8 months),IBM Canada Ltd.,"Markham, ON",22 hours ago,"software running on Kubernetes,
while understanding and tracking security, network, and data encryption requirements and
policies -Growing your skills in QA and automation focusing in the areas of...",https://www.eluta.ca/direct/p?i=5537f4913df35379e9097430268ea684
Software Developer Intern (8 months),IBM Canada Ltd.,"Markham, ON",22 hours ago,"Software Developer Intern, you will help build a large-scale content syndication and
learning management system used by several million people worldwide. If you ever wanted to
help build something...",https://www.eluta.ca/direct/p?i=8c5dc3c0be2d46af9ab30e4b95eb9fdb
Hyperion Developer,CIBC,"Toronto, ON",22 hours ago,"internes et externes, et aux extrants pour vous assurer que l'application dépasse les attentes. Connaissances en programmation -. Diriger la conception et le développement des spécifications, et...",https://www.eluta.ca/direct/p?i=039afca8d2c4f7ab6f9321de39983e4a
Mainframe Developer,CIBC,"Toronto, ON",22 hours ago,"internes et externes, et aux extrants pour vous assurer que l'application dépasse les attentes. Connaissances en programmation -. Diriger la conception et le développement des spécifications, et...",https://www.eluta.ca/direct/p?i=dc8ecddca4f0065f89a83bcf344b0d5e
Software Developer Intern - Android Studio (January 2022 8-12 months),SOTI Inc.,"Mississauga, ON",1 day ago,"Software Developer Intern. Android Studio (January 2022 8-12 months) Location: Mississauga, Ontario, Canada Who We Are At SOTI, we are committed to delivering best in class mobile and IoT device...",https://www.eluta.ca/direct/p?i=6b4c4e1e37cda32e1064c30a907d8b02
Product Owner Intern (January 2022 8-16 months),SOTI Inc.,"Mississauga, ON",1 day ago,"software. To us, being visionary is more important than doing things the way they've always been
done What's in it for you? The People. Our people are our most important resource. From our humble...",https://www.eluta.ca/direct/p?i=3abbd3873710eba6946ea505f6889e71
"Intern, Debt Investments Analyst",QuadReal Property Group Limited Partnership,"Toronto, ON",1 day ago,"Software -. Must have advanced knowledge of Excel, PowerPoint and Word; knowledge of Argus Enterprise is a plus. Relationship -. Must be extremely proactive and work well in a collaborative...",https://www.eluta.ca/direct/p?i=21ec8716efbbaff73865bb4fd09fe9c5
"Undergraduate/Graduate Mitacs Internship, Myant Response to COVID-19 Pandemic",Ontario College of Art and Design University / OCAD,"Toronto, ON",1 day ago,"software engineering to complete the Skiin prototype, take it to market, evaluate
outcomes and improve Skiin. Responsibilities:. With the assistance of a senior/lead developer they will research and...",https://www.eluta.ca/direct/p?i=2caae69d7b5459910b1793c51f17ed9b
Software Developer Intern (January 2022 8-12 months),SOTI Inc.,"Mississauga, ON",1 day ago,"Software Developer (Intern) Location: Mississauga, Ontario, Canada Who We Are At SOTI, we are committed to delivering best in class mobile and IoT device management
solutions. We are looking for out...",https://www.eluta.ca/direct/p?i=47180ca161455d74f82c8007a12fdf24
AI Machine Learning HW Engineering Internship (16 months),Qualcomm Incorporated,"Markham, ON",1 day ago,"developer of next-generation wireless
and multimedia technology. Before there were smartphones or smart cities, before autonomous cars or 360Â° virtual
reality videos, there was our technology...",https://www.eluta.ca/direct/p?i=8e600de0e4ef68a864e918ca0ef6ef01
ATL - 2022 Bell Business Markets Intern Program,Bell Canada,"Toronto, ON",1 day ago,"Software Development, AI Machine Learning)  Product Consultant     Business    Business Analyst   Project Manager   Marketing Specialist     Sales   Sales Support Specialist   Technical Sales Support...",https://www.eluta.ca/direct/p?i=4e91553e0379d09de596f42456c0e3ed
ON - 2022 IT Internship Program,Bell Canada,"Toronto, ON",1 day ago,"software architects, network architects, product owners, scrum
masters, and developers. The agile Specialist Technology will be primarily responsible for
developing solutions as part of an agile...",https://www.eluta.ca/direct/p?i=646bf040fce49cb7788ac7dd1a10e698
ON - 2022 Bell Business Markets Intern Program,Bell Canada,"Toronto, ON",1 day ago,"Software Development, AI Machine Learning)  Product Consultant     Business    Business Analyst   Project Manager   Marketing Specialist     Sales   Sales Support Specialist   Technical Sales Support...",https://www.eluta.ca/direct/p?i=f0e9b5667abab61d0dcba5ed7bf98c94
DevOps Developer Intern (16 months),IBM Canada Ltd.,"Markham, ON",1 day ago,"software installations, updates, and
core services. You will cross and merge the barriers that exist between software
development, testing and operations teams and keep existing networks in mind as...",https://www.eluta.ca/direct/p?i=5a75e5bf96d3cb5027c62430d46b591c
ServiceNow Developer,CIBC,"Toronto, ON",1 day ago,"internes et externes, et aux extrants pour vous assurer que l'application dépasse les attentes. Connaissances en programmation -. Diriger la conception et le développement des spécifications, et...",https://www.eluta.ca/direct/p?i=8ad4d2522f2641cb0d34d642d15b3b72
IoT Developer Intern (4 months),IBM Canada Ltd.,"Toronto, ON",1 day ago,"software -Deploy embedded computing and edge analytics to IoT systems. Full stack development for IoT Application for AI Model Training, Retraining and Inferencing Others:. Co-op or internship...",https://www.eluta.ca/direct/p?i=6fbeebad36dcb86cfe0633928f1ed799
Front End Developer Intern (4 months),IBM Canada Ltd.,"Toronto, ON",1 day ago,"Developer should have (General skills):. You have experience developing rich mobile/web user interfaces, component and widgets. You’re analytical and you have strong problem determination skills...",https://www.eluta.ca/direct/p?i=8ad33327668399de611f17951ae68048
QC - 2022 Bell Business Markets Intern Program,Bell Canada,"Toronto, ON",1 day ago,"Software Development, AI Machine Learning)  Product Consultant     Business    Business Analyst   Project Manager   Marketing Specialist     Sales   Sales Support Specialist   Technical Sales Support...",https://www.eluta.ca/direct/p?i=715929bbd3001c090088287df1160265
Hardware Developer Intern (Winter/Summer 2022),Geotab Inc.,"Oakville, ON",1 day ago,"internet and providing web-based analytics to help customers
better manage their fleets. Geotabs open platform and Marketplace, offering
hundreds of third-party solution options, allows both small...",https://www.eluta.ca/direct/p?i=2f7367fa1546c320050387fc37dcb704
Software Developer Intern - Angular/C# (January 2022 8-12 months),SOTI Inc.,"Mississauga, ON",2 days ago,"Software Developer Intern. Angular/C# (January 2022 8-12 months) Location: Mississauga, Ontario, Canada Who We Are At SOTI, we are committed to delivering best in class mobile and IoT device...",https://www.eluta.ca/direct/p?i=ed26eba743f0c8ab153c33d739594ce8
Software Developer Intern - Jira/Android (January 2022 8-12 months),SOTI Inc.,"Mississauga, ON",2 days ago,"Software Developer Intern. Jira/Android (January 2022 8-12 months) Location: Mississauga, Ontario, Canada Who We Are At SOTI, we are committed to delivering best in class mobile and IoT device...",https://www.eluta.ca/direct/p?i=8b3cd7d12f9a33d005d8bb97da76b13f
Quality Assurance Intern - Jira (January 2022 8-12 months),SOTI Inc.,"Mississauga, ON",2 days ago,"software. To us, being visionary is more important than doing things the way they've always been done. What We're Looking For SOTI's growth and success is a result of commitment to innovation through...",https://www.eluta.ca/direct/p?i=01d62a8f32a474f3b7dc4c4d2c07d907
Software Developer Intern - Visual Studio (January 2022 8-12 months),SOTI Inc.,"Mississauga, ON",2 days ago,"Software Developer Intern. Visual Studio (January 2022 8-12 months) Location: Mississauga, Ontario, Canada Who We Are At SOTI, we are committed to delivering best in class mobile and IoT device...",https://www.eluta.ca/direct/p?i=53eff733c334d3b1810d4a777ec7962c
Software Developer Intern - Linux (January 2022 8-12 months),SOTI Inc.,"Mississauga, ON",2 days ago,"Software Developer Intern. Linux (January 2022 8-12 months) Location: Mississauga, Ontario, Canada Who We Are At SOTI, we are committed to delivering best in class mobile and IoT device...",https://www.eluta.ca/direct/p?i=6186e12a22b9d942bdd46c843658e367
Software Developer Intern - Front End and/or Back End (January 2022 8-12 months),SOTI Inc.,"Mississauga, ON",2 days ago,"Software Developer (Intern) Location: Mississauga, Ontario, Canada Who We Are At SOTI, we are committed to delivering best in class mobile and IoT device management
solutions. We are looking for out...",https://www.eluta.ca/direct/p?i=6df92426487e54b3da0c3c228f6f34a0
Quality Assurance Intern - Android (January 2022 8-12 months),SOTI Inc.,"Mississauga, ON",2 days ago,"software. To us, being visionary is more important than doing things the way they've always been done. What We're Looking For SOTI's growth and success is a result of commitment to innovation through...",https://www.eluta.ca/direct/p?i=b724e3adecceb0c55ce4b1558f64ddf9
DevOps Developer Intern (8 months),IBM Canada Ltd.,"Markham, ON",2 days ago,"software development and automation engineer in the hybrid cloud
deployment team of IBM’s Watson Assistant Growth service. Your primary responsibility will
be the management and automation of Watson...",https://www.eluta.ca/direct/p?i=07fdbac99f5f437c6a2d5bd76f73642e
Software Developer Intern (8 months),IBM Canada Ltd.,"Markham, ON",2 days ago,"software developers work closely with designers, product managers, and other developers across the organization. You will gain a lot of experience working in a highly complex application with a large...",https://www.eluta.ca/direct/p?i=18e84f27b0238ad8f1e9221960bc75bf
Events Coordinator,Evergreen,"Toronto, ON",2 days ago,"software, such as Caterease, is considered an asset Additional Information: Reporting Relationships:. Supervised by: Senior Manager, Sales. Collaborates with: Entire Event Team and external...",https://www.eluta.ca/direct/p?i=47a156db1d7808679b2de17a15d81f8d
"Software Developer Intern/Co-op (Winter 2022 - 4, 8, or 12 months)",Intuit Canada ULC,"Mississauga, ON",2 days ago,"software development fundamentals and their practical application. Solid understanding of software development lifecycle processes, data structures, networking and operating systems is a plus...",https://www.eluta.ca/direct/p?i=11c305a5050951f69ac4abea5980d9a0
"Mobile Developer Intern/Co-op (Winter 2022, 4 or 8 months)",Intuit Canada ULC,"Mississauga, ON",2 days ago,"Software design/architecture processes, and mobile development fundamentals. Strong knowledge of at least one object-oriented language (Java, C#/C++, Python), experience with React native, Swift...",https://www.eluta.ca/direct/p?i=29668af72c593bc302d4184d1b9c1eb5
"UX Design Intern/Co-op (Winter 2022, 4 or 8 months)",Intuit Canada ULC,"Mississauga, ON",2 days ago,"developers and marketers to build and optimize our products. Learn, a lot! Get ready to learn from the best in the design business and take your design skills to the next level. Learn more about...",https://www.eluta.ca/direct/p?i=439da73d75f1011a7704842022c12c36
Data Engineer (Intern),SOTI Inc.,"Mississauga, ON",2 days ago,"Software
Developer who specializes in .NET solution and is excited to learn from talented, fun-loving
developers breaking down complex problems into simple solutions. You have the passion...",https://www.eluta.ca/direct/p?i=33bf11dce3c93656a01ccaf7090bb475
Software Developer (Intern) Linux Agent,SOTI Inc.,"Mississauga, ON",2 days ago,"Software
Developer who specializes in .NET solution and is excited to learn from talented, fun-loving
developers breaking down complex problems into simple solutions. You have the passion...",https://www.eluta.ca/direct/p?i=f846594856602c971e5269a1bc0ebfd9
Intern Conversion – Compiler Developer,IBM Canada Ltd.,"Markham, ON",2 days ago,"software developers to join our world class Compiler
Team. Our compilers are at the cutting edge of compilation technology, and our developers
have helped deliver conformance to latest programming...",https://www.eluta.ca/direct/p?i=b85f4ee18053c97044dda372dd742c23
Intern Conversion – Front End Developer,IBM Canada Ltd.,"Markham, ON",2 days ago,"software products, cloud services and web applications to users around the world. Who You Are:. You are highly motivated and have a passion for creating and supporting great products. You thrive on...",https://www.eluta.ca/direct/p?i=a9f8e5910a53637cbbb599053ed5c359
PEGA Developer,CIBC,"Toronto, ON",2 days ago,"internes et externes, et aux extrants pour vous assurer que l'application dépasse les attentes. Connaissances en programmation -. Diriger la conception et le développement des spécifications, et...",https://www.eluta.ca/direct/p?i=ff2f53668c97934c96910cf3707d4ed5
DevOps Developer Intern (8 Months),IBM Canada Ltd.,"Markham, ON",3 days ago,"internship program enrollment is preferred. Configuration management (Ansible, Chef). Virtualization and Container orchestration (Hypervisor, Docker, Kubernetes). Monitoring and logging tools...",https://www.eluta.ca/direct/p?i=ab5b9438fdbfc607d91dd1d560e9f686
Design Technologist Intern (Remote) - Winter 2022,Shopify Inc.,"Ottawa, ON - Work Remotely",3 days ago,"Developers” or simply “designers who code,” Design
Technologists are just as comfortable working in design tools as working in a development
environment. Their expertise in both UX design and...",https://www.eluta.ca/direct/p?i=181dc71cbb4486c874f6a2eb202e986c
"Co-Op/Intern Developer, AI Platform",Kinaxis Inc.,"Toronto, ON",3 days ago,"Software Engineering – and along the way learn and
develop skills that will similarly accelerate the arc of your professional career. Our
platform embraces both public cloud providers as well as the...",https://www.eluta.ca/direct/p?i=42f977c376cc469b857958fa24981741
"Co-Op/Intern Developer, Innovation Incubator",Kinaxis Inc.,"Ottawa, ON - Work Remotely",3 days ago,"software prototypes to prove out architectural ideas. Test your prototypes for function, performance, and scale. May perform additional projects as requested What we are looking for. Co-op students...",https://www.eluta.ca/direct/p?i=f6b1445592c893fca0e372b1434699cb
Intermediate Java Developer (83379),WestJet Airlines Ltd.,"Calgary, AB - Work Remotely",3 days ago,"software solutions. Applying standard information technology processes and
practices, the Intermediate Java Developer works on the development of solutions for front
and back end applications that...",https://www.eluta.ca/direct/p?i=092e6feb66d856e956fd7255bed9f133
Software Engineering - Vehicle Platform (Co-op),"Huawei Technologies Canada Co., Ltd.","Markham, ON",3 days ago,"software developer position to join our team. The hired
intern is required to work with our platforms and labelling teams, working on our data
collection pipeline process. Main Responsibilities...",https://www.eluta.ca/direct/p?i=33e48576ca8448c0b10b65cc79a5da1e
Compiler Developer Intern (16 months),IBM Canada Ltd.,"Markham, ON",3 days ago,"software developers with knowledge in new and up and coming language standards, hardware implementations, compiler optimization expertise, and proven software development skills. Work with IBM...",https://www.eluta.ca/direct/p?i=9fa4911812f532654939dde3ac62fa69
Automation Dev. Test Developer Intern (8 months),IBM Canada Ltd.,"Markham, ON",3 days ago,"software. This ranges from execution to test creation and automation for
a new feature. The Candidate will experience large system setup and configuration: Cloud and
local -on Premises. Candidates...",https://www.eluta.ca/direct/p?i=380475dae24b0c5ce713378505a25329
Digital Design Intern (Remote) - Winter 2022,Shopify Inc.,"Ottawa, ON - Work Remotely",4 days ago,"developers to help explore, build, and ship your designs. Learn how to approach complex problems and design elegant solutions. Improve how you communicate the design challenges and opportunities you...",https://www.eluta.ca/direct/p?i=d0943028e12b7d4cbb04c9dad4ea5685
Content Design Intern (Remote) - Winter 2022,Shopify Inc.,"Ottawa, ON - Work Remotely",4 days ago,software and other digital properties. You can read about being a Content design intern at Shopify through these blog posts written by some of our past interns:. What you don’t learn in design...,https://www.eluta.ca/direct/p?i=6fd410de1ba5a3aab42fad12db666261
Front End Developer Intern (4 months),IBM Canada Ltd.,"Markham, ON",4 days ago,"Software Developers at IBM are the backbone of our strategic initiatives to design, code,
test, and provide industry-leading solutions that make the world run today – planes and
trains take off on...",https://www.eluta.ca/direct/p?i=b0e1d37b0866980f60d45f6dbe88b722
Lead Software Developer,OpenText Corporation,"Richmond Hill, ON",5 days ago,"software development
organization that provides Digital Asset Management (DAM) solutions that serve as the
foundation for customer-centric organizations. Everyone wants more rich media, images...",https://www.eluta.ca/direct/p?i=045f21d21ec4f1515a0188a9f0b65942
Software Engineer Intern (Winter Term 2022),Snapcommerce,"Toronto, ON",5 days ago,"Software Engineering Intern with 6-18 months of experience to join our
growing product engineering team for the Winter term 2022 (January. April) term. Our
engineering team is responsible for...",https://www.eluta.ca/direct/p?i=0e331e40ac9a7dbdc48d6c7ae8b02ee4
Mobile Software Engineer Intern/Co-op,TD Bank Group,"Toronto, ON",7 days ago,"Software Engineer for the following positions:. iOS Software Engineer. Android Software Engineer As an equal member of the team, you will help us deliver improvements and new mobile products
for a...",https://www.eluta.ca/direct/p?i=9ff2f8b6aa5108b14015bd1461226d6e
Software Developer Intern (4 or 8 Months),IBM Canada Ltd.,"Markham, ON",7 days ago,"software suite. With TM1, customer can rapidly analyze data, model business
requirements and collaborate on plans, budgets and forecasts to uncover hidden business
options and optimize performance...",https://www.eluta.ca/direct/p?i=0a3350526604ab17f4221bd4e247543c
Back End Developer Intern (8 Months),IBM Canada Ltd.,"Markham, ON",7 days ago,"internship program enrollment is preferred. C Language. Python. Cryptography. Authentication: OIDC, LDAP. Test automation frameworks: TestNG, JUnit, PyTest Must have the ability to work in Canada...",https://www.eluta.ca/direct/p?i=51c9333d73763a36555681c2f97c560e
Software Developer Intern (8 Months),IBM Canada Ltd.,"Markham, ON",8 days ago,"software development team seeking proven contributors and creative team players
looking for challenges and impact in an agile, fast paced and rewarding environment. You will
be a member of the...",https://www.eluta.ca/direct/p?i=a2669cc414853ecc15be5ae80a52194b
"Lead Instructor, Dev Degree",Shopify Inc.,"Ottawa, ON - Work Remotely",8 days ago,"software development skills alongside their academic degree. The goal of our instructor
team is to help the Dev Degree students learn the fundamental skills required to join
development teams after...",https://www.eluta.ca/direct/p?i=fed58fbc106018576912f559714eaf8a
Mobile Developer Intern (Remote) - Winter 2022,Shopify Inc.,"Ottawa, ON - Work Remotely",8 days ago,"Developers work along with designers and product managers to build and launch new
features for our apps. You’ll work on large-scale apps that are ever-changing, enabling
entrepreneurship for hundreds...",https://www.eluta.ca/direct/p?i=3c2621785dfc7684bc229a3617a1fb3a
Front End Developer Intern (16 months),IBM Canada Ltd.,"Markham, ON",8 days ago,"software products, cloud services and web applications to users around the world. Who You Are:. You are highly motivated and have a passion for creating and supporting great products. You thrive on...",https://www.eluta.ca/direct/p?i=8c60aa14289c6fe546d2d6783e924a48
VELOCITY - Tangerine - Software Developer Intern - Winter 2022 1,Tangerine Bank,"Toronto, ON",9 days ago,"Software Developer, Intern Winter 2022 (January to April) Why work for Tangerine? Tangerine is Canada’s leading direct bank. We offer flexible and accessible banking
options, innovative products, and...",https://www.eluta.ca/direct/p?i=4896b51584f7fba14a29c3a5935966ce
VELOCITY - Tangerine - Software Developer Intern - Summer 2022,Scotiabank,"Toronto, ON",9 days ago,"Software Developer, Intern Winter 2022 (January to April) Why work for Tangerine? Tangerine is Canada’s leading direct bank. We offer flexible and accessible banking
options, innovative products, and...",https://www.eluta.ca/direct/p?i=d5023efb99f5aae469109b705d768ea6
"Payments Consultant/Developer, Enterprise Wire Modernization",CIBC,"Toronto, ON",9 days ago,"internes et externes, et aux extrants pour vous assurer que l'application dépasse les attentes. Connaissances en programmation -. Diriger la conception et le développement des spécifications, et...",https://www.eluta.ca/direct/p?i=8a4130e6e16c71236092793dd8cf646c
VELOCITY - Tangerine - Software Developer Intern - Winter 2022,Tangerine Bank,"Toronto, ON",9 days ago,"Software Developer, Intern Winter 2022 (January to April) Why work for Tangerine? Tangerine is Canada’s leading direct bank. We offer flexible and accessible banking
options, innovative products, and...",https://www.eluta.ca/direct/p?i=96628e901f0d6c617b69e516446d1887
VELOCITY - Tangerine - Software Developer Intern - Winter 2022,Scotiabank,"Toronto, ON",9 days ago,"Software Developer, Intern Winter 2022 (January to April) Why work for Tangerine? Tangerine is Canada’s leading direct bank. We offer flexible and accessible banking
options, innovative products, and...",https://www.eluta.ca/direct/p?i=6c2017a2cc983b47595bfbb80c83cd4f
Software Developer Intern – MySQL HeatWave and Advanced Development,Oracle Canada ULC,"Mississauga, ON",9 days ago,"tware Engineer Intern – MySQL HeatWave and Advanced Development The Program: Our future success depends on hiring world-class, early in career talent who are looking to
power next-generation...",https://www.eluta.ca/direct/p?i=7dd3b285ab789b7dc0252ac6de3d5fba
Embedded Systems Developer Intern (Winter/Summer 2022),Geotab Inc.,"Oakville, ON",9 days ago,"Software Development and key
leadership stakeholders. To be successful in this role you will have a keen eye for the details
to consistently adhere to coding standards and perform peer QA and code...",https://www.eluta.ca/direct/p?i=c35e47cfb305e541e417dad71eaacce4
Technical Lead / Chef technique - D365 F O,Genetec Inc.,"Montréal, QC - Work Remotely",10 days ago,"software coding, answer technical questions they may have regarding development platforms; and conduct code reviews to ensure best practices are being followed. Propose any innovations or...",https://www.eluta.ca/direct/p?i=625e4fbad813c44722a42f393eda4306
Software Developer in Automation/ Développeur de logiciels en automation,Genetec Inc.,"Montréal, QC - Work Remotely",10 days ago,"Software developer in our test automation team, you will collaborate with other software
developers to design, develop and deploy tools responsible for distributing, configuring
and testing our...",https://www.eluta.ca/direct/p?i=7367e988d39b0c9aa5b61ea205664492
Application Security Architect/ Architecte de la sécurité des applications,Genetec Inc.,"Montréal, QC - Work Remotely",10 days ago,"Software Security Group and help us embed security practices into the way we
build software. Genetec produces a lot of software and all those applications needs to be
secure. The application security...",https://www.eluta.ca/direct/p?i=d4e47b844bb36b4b209140556a15dca4
Software Developer Intern,Geotab Inc.,"Oakville, ON",10 days ago,"Developer Intern, you will work closely with both the
Data Engineering and Data Science teams. You will dedicate time to building out secure
pipelines from Geotab's many internal systems, into our...",https://www.eluta.ca/direct/p?i=832e8199b086ead9e07452a448bc2677
Backend Developer Intern (Remote) - Winter 2022,Shopify Inc.,"Ottawa, ON - Work Remotely",10 days ago,"developers with a passion for solving tough problems with
performant code. Shopify is the largest Rails application in the world, we're a big part of the
Rails community, and we’re constantly...",https://www.eluta.ca/direct/p?i=3e3b0134049bfc62630441d922e4ca41
Frontend Developer Intern (Remote) - Winter 2022,Shopify Inc.,"Ottawa, ON - Work Remotely",10 days ago,"software engineering team, designers and
product managers to not only make incredible merchant-facing products but also
developer-facing tools. You’ll gain a ton of perspective as you connect with...",https://www.eluta.ca/direct/p?i=df5c186d8753ecc7e9157d78cabd95f8
Data Engineering Intern (Remote) - Winter 2022,Shopify Inc.,"Ottawa, ON - Work Remotely",10 days ago,"software engineer, interested in building and maintaining systems at scale. In Your Application: 1. Include your resume. 2. To showcase your skills and to help us get a better understanding of your...",https://www.eluta.ca/direct/p?i=c74d0194df8a10c06dbfb442b843201c
"Senior AEM Developer, Toronto",Jam3 Inc.,"Toronto, ON",10 days ago,"Developer’s Miss ion: Hi. We’re Jam3, a design and experience agency. We help modern brands launch their products
and design new customer experiences in digital, and beyond. Our team brings folks...",https://www.eluta.ca/direct/p?i=cfe8d53c591663904bc81d2765c21cf8
Full Stack Software Developer Intern - Growth Acceleration Team,BioRender,"Toronto, ON",10 days ago,"Software Developer Intern on the Growth Acceleration team to
join us in September 2021! Our stack includes React.js, Node.js, and MongoDB. You’ll work
very closely with Finance, Customer Experience...",https://www.eluta.ca/direct/p?i=3cd0a742ccb10fb6c839703f31b1694a
Software Developer Intern,Geotab Inc.,"Oakville, ON",11 days ago,"software development, are well organized and keen to join an industry
leader, we would love to hear from you!  What you'll do:  Your job is to ensure the
reliable operation of a web-based application...",https://www.eluta.ca/direct/p?i=9c0f8804820cd989e9d9947077da47f1
Infrastructure / Site Reliability Engineering Intern (Remote) - Winter 2022,Shopify Inc.,"Ottawa, ON - Work Remotely",11 days ago,"developer productivity to ensure Shopify's
infrastructure is able to scale massively, while delivering resilience and performance. At
the same time we make sure Shopify's entire engineering team has...",https://www.eluta.ca/direct/p?i=258ce9bd7e1088e00fcd4762e4148ba9
Intern Conversion – Automation and Testing Software Developer,IBM Canada Ltd.,"Markham, ON",14+ days ago,software that tests and stresses on-premise products and/or cloud services for end users. Who You Are:. You are highly motivated and have a passion for creating and supporting great products. You...,https://www.eluta.ca/direct/p?i=14412edf511666dce9536f98810ab61a
Co-op/Intern JavaScript Developer - Ottawa HQ or Remote - Canada,Fullscript,"Ottawa, ON - Work Remotely",14+ days ago,"Software Engineering internship opportunity is open to Canadian co-op
students/interns or recent graduates enrolled in a degree in Computer Science/Computer
Engineering program (or related technical...",https://www.eluta.ca/direct/p?i=594cdc3612c57e9c8da88c2839ab6f68
Co-op/Intern Ruby Developer - Ottawa HQ or Remote - Canada,Fullscript,"Ottawa, ON - Work Remotely",14+ days ago,"Software Engineering internship opportunity is open to Canadian co-op
students/interns or recent graduates enrolled in a degree in Computer Science/Computer
Engineering program (or related technical...",https://www.eluta.ca/direct/p?i=7db6f77e4b427886daf5bfa2979ce1a3
Développeur.euse Fullstack intermédiaire / Intermediate Fullstack Developer,Turbulent Média Inc.,"Montréal, QC - Work Remotely",14+ days ago,"developer, you are more backend oriented but the frontend does not put you off, you know how to be versatile. Having a good team spirit. A great atmosphere in your workplace is just as important to...",https://www.eluta.ca/direct/p?i=c024e1688c10b239d3d95c07521b6f10
Intern Conversion – DevOps Developer,IBM Canada Ltd.,"Markham, ON",14+ days ago,"software installations, updates, and core services. • You’ll pair with development teams to enable a continuous integration environment that
sustains high productivity levels and emphasizes defect...",https://www.eluta.ca/direct/p?i=e9d2698eb0ba39b2d1736238a0736e40
Quantum Computing Educator — Internship,Xanadu,"Toronto, ON",14+ days ago,"software-based content. Editing and improving existing materials, and materials developed by other team members. Designing surveys and studies and subsequent collection and processing of feedback...",https://www.eluta.ca/direct/p?i=0edef5285161c10aafb82db291ed2724
Software Developer (Intern--September 2021 start),SOTI Inc.,"Mississauga, ON",14+ days ago,"Software
Developer who specializes in .NET solution and is excited to learn from talented, fun-loving
developers breaking down complex problems into simple solutions. You have the passion...",https://www.eluta.ca/direct/p?i=8db57139e73b2def944c790f648a3c12
"Python Web Developer, Intern","Huawei Technologies Canada Co., Ltd.","Markham, ON",14+ days ago,"Developer intern (full time) responsible for managing the interchange of data between the server and the users. Your primary focus will be the development of all Server-side logic, ensuring high...",https://www.eluta.ca/direct/p?i=6f8826fb660932ea906ee1ca7f97993c
"Front-End Web Developer, Intern","Huawei Technologies Canada Co., Ltd.","Markham, ON",14+ days ago,Developer intern (full time) who is motivated to combine the art of design with the art of programming. Responsibilities will include translation of the UI/UX design wireframes to actual code that...,https://www.eluta.ca/direct/p?i=f4a6ddd1db5053e460237b0b9961e8fe
Software Developer (Intern--September 2021 start),SOTI Inc.,"Mississauga, ON",14+ days ago,"Software
Developer who specializes in .NET solution and is excited to learn from talented, fun-loving
developers breaking down complex problems into simple solutions. You have the passion...",https://www.eluta.ca/direct/p?i=e75289fca9644a4873c606768b21da0c
Software Developer (Intern--September 2021 start),SOTI Inc.,"Mississauga, ON",14+ days ago,"Software
Developer who specializes in .NET solution and is excited to learn from talented, fun-loving
developers breaking down complex problems into simple solutions. You have the passion...",https://www.eluta.ca/direct/p?i=68d6d65247918be99136ad1f89dc0a8d
Quality Assurance (Intern--September 2021 start) Android for Work,SOTI Inc.,"Mississauga, ON",14+ days ago,"software requirements and technical specifications for all SOTI's product offerings. Create, implement and maintain test coverage for SOTI's Web and Mobile applications. Work collaboratively in an...",https://www.eluta.ca/direct/p?i=65d78152ccd7d0beeb85c442096dd2a6
Software Developer (Intern--September 2021 start),SOTI Inc.,"Mississauga, ON",14+ days ago,"Software
Developer who specializes in .NET solution and is excited to learn from talented, fun-loving
developers breaking down complex problems into simple solutions. You have the passion...",https://www.eluta.ca/direct/p?i=2af710b203ccccbcea96ff7c6ac93edf
Software Developer (Intern--September 2021 start),SOTI Inc.,"Mississauga, ON",14+ days ago,"Software
Developer who specializes in .NET solution and is excited to learn from talented, fun-loving
developers breaking down complex problems into simple solutions. You have the passion...",https://www.eluta.ca/direct/p?i=56a178e2586637cfd35c1ebd92e8f241
TD Innovation Lab – Software Developer Intern/Co-op,TD Bank Group,"Toronto, ON",14+ days ago,"Software Developer Co-op in a role like no other, explore emerging technologies and be
empowered to start/stop projects because of what the market tells you. You will truly learn, apply and...",https://www.eluta.ca/direct/p?i=9452bd41cce22dd590c350558314f30d
Payments Innovation Developer Intern/Co-op,TD Bank Group,"Toronto, ON",14+ days ago,Software Development Life Cycle (SDLC) and Project Management Methodology (PMLC) to complete specific development tasks for projects. Adhere to standard security coding practices to ensure...,https://www.eluta.ca/direct/p?i=57896011620268ca44a836b65de7bc70
Portfolio Analytics Developer Intern/Co-op,TD Bank Group,"Toronto, ON",14+ days ago,"software development skills, the ability to learn new technologies and business concepts quickly are essential for success at this position. Previous experience with the following technologies will...",https://www.eluta.ca/direct/p?i=6458551c9c21d606c844c617f35802e1
"Research Engineer - HCI Platform Architecture | ingénieur/ingénieure d’études -
Architecture de plateforme pour l’interaction personne-machine",Facebook Canada Ltd.,"Toronto, ON",14+ days ago,software development provides the platform for our scientific explorations and generates viable paths to the consumer products people will use for decades to come. If you have a passion for building...,https://www.eluta.ca/direct/p?i=3ab87875794035283ef88e71dcfd3ecc
Développeur Linux embarqué / Embedded Linux Software Developer,Genetec Inc.,"Québec, QC - Work Remotely",14+ days ago,"Software Developers to join its team in the
Quebec City office. We are looking for people who are passionate about Linux and its uses in the
embedded world. If you like challenges, varied tasks, and...",https://www.eluta.ca/direct/p?i=822e923b3ca40e4feb197aa932ac86a3
Engineering Team Lead (Platform),Snapcommerce,"Toronto, ON",14+ days ago,"software engineers,
the squad will also contain a Technical Account Manager responsible for overseeing 3rd party
integrations, and a Technical Product Manager to support project roadmapping. Diving...",https://www.eluta.ca/direct/p?i=96572dc3d4a48bacf6fbeaf4de6e5da6
Web Developer Intern (Toronto),Mani Wonders Inc.,"Toronto, ON",14+ days ago,"software development(backend and frontend development), from requirements gathering to analysis, design, implementation, testing, migration and documentation. Develop complex consumer facing software...",https://www.eluta.ca/direct/p?i=8f058680d433b36eb5920c3a7c255298
AWS Partner Trainer - Canada,Amazon Canada,"Toronto, ON",14+ days ago,developers to raise bar on curriculum quality. Mentor and train internal instructors as part of a train the trainer program. Ability to travel throughout Canada. Travel 40-60%. We offer a flexible...,https://www.eluta.ca/direct/p?i=16050d39525b63ab2db26adfcc633d0b
Winter 2022 - Software Developer Intern,Konrad Group Inc.,"Toronto, ON",14+ days ago,"tware Developer Intern As a Software Developer Intern you'll be paired up with a mentor working on both the front end
and back end of our web or mobile applications. Working within the software...",https://www.eluta.ca/direct/p?i=054ca76ecd65c3f39aba643e2b13e466
"Emerging Machine Learning Developer, Intern","Square Canada, Inc.","Toronto, ON - Work Remotely",14+ days ago,"software
that addresses those challenges, and will last for 12-16 months. What will you do?. Support in the development of AI enablement applications and suite of products. Conduct experiments...",https://www.eluta.ca/direct/p?i=7ca885a77ca024a665ebeca6687efd72
