Job Title,Company,Location,Posted Date,Summary,Job URL
QA Software Developer Intern (Paid),DemandHub,"Toronto, ON",9 days ago,Role: QA Software Development Intern (Paid) Company: DemandHub Summary: We're on a mission to help local businesses grow. Our powerful messaging platform…,https://www.workopolis.com/jobsearch/viewjob/ku5a0s_WzaKpq9nG39jYSraoznVozNXcWdc-QUyXuzYHCdpURvUjUw?ak=software+developer+intern&l=toronto+on
Full Stack Developer Intern,Quantigo AI Incorporated,"Toronto, ON",,*This position is Funded by the Government of Canada as part of their Youth Employment and Skills Strategy and the candidates must meet the following…,https://www.workopolis.com/jobsearch/viewjob/RvpWqY994ksD6Gx03rVcpJ15FZhAc4FQLE6Dh-xZVonbbArySTH0WA?ak=software+developer+intern&l=toronto+on
Spring 2022 - Software Developer Intern,Konrad,"Toronto, ON",Today,Konrad Konrad is a next generation digital consultancy. We are dedicated to solving complex business problems for our global clients with creative and forward…,https://www.workopolis.com/jobsearch/viewjob/-P8Nig1BqooUNOU5CeIGWVRbGk8ul6A2GKXYd745LChJC4xpWQ7pVA?ak=software+developer+intern&l=toronto+on
Winter 2022 - Software Developer Intern,Konrad,"Toronto, ON",,Konrad Konrad is a next generation digital consultancy. We are dedicated to solving complex business problems for our global clients with creative and forward…,https://www.workopolis.com/jobsearch/viewjob/i8zO4fXCVwPSTR61VsyKTgd1jv3Cc78ubvZYZkZDRBoVxb1BkjmU9A?ak=software+developer+intern&l=toronto+on
Software Developer Intern (4 or 8 Months),IBM,"Markham, ON",7 days ago,"Introduction At IBM, work is more than a job - it's a calling: To build. To design. To code. To consult. To think along with clients and sell. To make markets…",https://www.workopolis.com/jobsearch/viewjob/QCUtSRo67zx0jZ8Npos9qgV69-w3RoSU_OYlWNrUKUisZDJvgx48Bg?ak=software+developer+intern&l=toronto+on
Software Developer Intern (8 Months),IBM,"Markham, ON",7 days ago,"Introduction At IBM, work is more than a job - it's a calling: To build. To design. To code. To consult. To think along with clients and sell. To make markets…",https://www.workopolis.com/jobsearch/viewjob/3gBEwn6a304twZ2LxyVhkqalGHZowVOjTHs_wd_KToZrRFFqEQLThQ?ak=software+developer+intern&l=toronto+on
Software Developer Intern (4 months),IBM Canada,"Toronto, ON",Today,"Introduction At IBM, work is more than a job – it’s a calling: To build. To design. To code. To consult. To think along with clients and sell. To make markets…",https://www.workopolis.com/jobsearch/viewjob/T5Xg0vG4neUO2OcoZbNkaClKgbiMXMSi5uXG8VuHr2pMClk0dYgiKQ?ak=software+developer+intern&l=toronto+on
Full Stack Developer Intern,Aboard,"Toronto, ON",5 days ago,*\*\*We're looking to use the DS4Y Program to cover the wages for this role. You must be able to legally work in Canada. See other eligibility requirements…,https://www.workopolis.com/jobsearch/viewjob/bmSRZoOECTsdsWy8oZ5cVNiyX3rwbFTvDKF3vNVLe8j4tXeMaxessg?ak=software+developer+intern&l=toronto+on
"Software Developer, Winter Student 2022 Opportunities",RBC,"Toronto, ON",,"What is the opportunity? Are you interested in the opportunity to work as a Software Developer Co-op? By applying to this job posting, you will be considered…",https://www.workopolis.com/jobsearch/viewjob/Bjde3l9Ht9CPOdQRkY3hrB7i4UXpuhYeT1F_rXQCwGZ7nWU-uCg3Hw?ak=software+developer+intern&l=toronto+on
Front End Developer Intern (16 months),IBM,"Markham, ON",7 days ago,"Introduction At IBM, work is more than a job - it's a calling: To build. To design. To code. To consult. To think along with clients and sell. To make markets…",https://www.workopolis.com/jobsearch/viewjob/WJjQxogooPbQyT3tTo8HbG33aSw-BW88-z04A_NEIxAWgq9k4Yv3RA?ak=software+developer+intern&l=toronto+on
Frontend Developer Intern (Remote) - Winter 2022,Shopify,"Toronto, ON",7 days ago,"Job Description Shopify’s mission is to make commerce better for everyone. From building a new product feature for our commerce platform, to helping a…",https://www.workopolis.com/jobsearch/viewjob/i3b8TMHirdUERwOmBMYYhccBIXI3gbJPRyh-p0BHmxozA8UTVqY2Dw?ak=software+developer+intern&l=toronto+on
Node.js Software Developer Intern (4 Months),IBM Canada,"Markham, ON",Today,"Introduction At IBM, work is more than a job – it’s a calling: To build. To design. To code. To consult. To think along with clients and sell. To make markets…",https://www.workopolis.com/jobsearch/viewjob/IlpDo4CsW5n6R4FU_sffciIksBs0Ft05frsiEnmKf5MrLjKqroaasg?ak=software+developer+intern&l=toronto+on
Software Developer Intern,Geotab,"Oakville, ON",10 days ago,Who we are: Geotab is a global leader in IoT and connected transportation and certified “Great Place to Work.” We are a company of diverse and talented…,https://www.workopolis.com/jobsearch/viewjob/YIhLttMscJEFdTdjUED1Q96ePv8qYVAShJYEALqZw7FZJ-i6Qxrj5w?ak=software+developer+intern&l=toronto+on
Software Engineering Intern (Canada),Pinterest,"Toronto, ON",,"About Pinterest: Millions of people across the world come to Pinterest to find new ideas every day. It's where they get inspiration, dream about new…",https://www.workopolis.com/jobsearch/viewjob/S5QmGobSsazi-g_pUx87krO7qUKCi5pgOHVENEk6Mw_WD0kBK_VD7Q?ak=software+developer+intern&l=toronto+on
QA Software Developer Intern (Paid),DemandHub,"Toronto, ON",9 days ago,Role: QA Software Development Intern (Paid) Company: DemandHub Summary: We're on a mission to help local businesses grow. Our powerful messaging platform…,https://www.workopolis.com/jobsearch/viewjob/ku5a0s_WzaKpq9nG39jYSraoznVozNXcWdc-QUyXuzYHCdpURvUjUw?ak=software+developer+intern&l=toronto+on
Software Engineer Intern (Winter Term 2022),SnapTravel,"Toronto, ON",5 days ago,About Us Snapcommerce is a high growth company that sits at the intersection of mobile commerce and fintech. Our flagship product Snaptravel allows millions…,https://www.workopolis.com/jobsearch/viewjob/bzyLMlbeeis3OkI_V606FT0TBEb-9kbMKhrnrdP4ri0iQnB8agoTBA?ak=software+developer+intern&l=toronto+on
Front End Developer Intern,LeapGrad Corp.,"Brampton, ON",3 days ago,*Company* LeapGrad is a student professional networking app uniquely designed to transform the job market industry. The main purpose of LeapGrad is to…,https://www.workopolis.com/jobsearch/viewjob/hJDwdFx1V7jAG9XNpcvVxB2x8kgpktI8oEYrkNtIImr2lSFzDG0p_w?ak=software+developer+intern&l=toronto+on
Junior Software Engineer Intern – Class of 2023,Publicis Sapient,"Toronto, ON",14 days ago,"Company Description Publicis Sapient is a digital transformation partner helping established organizations get to their future, digitally-enabled state, both…",https://www.workopolis.com/jobsearch/viewjob/lp9dloKCuqnAkv-vE3cxGPEWVnSdoMjPM_QYykUxwqBFcKv9wPqeRg?ak=software+developer+intern&l=toronto+on
"Software Developer, Winter 2022 (Co-op/Internship) - 4 Months",BMO Financial Group,"Toronto, ON",10 days ago,"Address: 100 King Street West Job Family Group: Technology As a co-op/intern student at BMO, you will have the opportunity to be heard, keep growing and…",https://www.workopolis.com/jobsearch/viewjob/ZUvAQII1Cg4HNYZKbQcy4IGl4ldsv6DtCBuRO2wkl_Z9V2GF3_EqFw?ak=software+developer+intern&l=toronto+on
WEB DEVELOPER INTERN,MANI WONDERS,"Toronto, ON",,Mani Wonders Inc. is an emerging product design brand paving a niche in the fashion technology space. The tech-infused lifestyle products are designed in…,https://www.workopolis.com/jobsearch/viewjob/K5UTWFtpb2Lrh2yqR8oErTgPerSqKZXFZmUv1vnM7nlpJagECTv8vw?ak=software+developer+intern&l=toronto+on
"Software Developer, Coop (Hack the North)",Loblaw Companies Limited,"Toronto, ON",Today,Referred applicants should not apply directly to this role. All referred applicants must first be submitted through Workday by a current Loblaw Colleague.…,https://www.workopolis.com/jobsearch/viewjob/bmT2UV9ewPSK6mk1Imb6L3ZJpnW2SaCll1eI_A24Ah89Cam6-BswTQ?ak=software+developer+intern&l=toronto+on
"Software Developer Intern/Co-op (Winter 2022 - 4, 8, or 12 months)",Intuit,"Mississauga, ON",1 day ago,"Overview About Intuit, Inc. At Intuit, we get up every morning with our hearts beating fast, excited and driven by the knowledge that we're transforming the…",https://www.workopolis.com/jobsearch/viewjob/MSt1SHLAONRiF33a4oXKzNEehMEueVG5cPGa09kMdnkr55ljfFYPog?ak=software+developer+intern&l=toronto+on
QA Software Developer Intern (Paid),DemandHub,"Toronto, ON",9 days ago,Role: QA Software Development Intern (Paid) Company: DemandHub Summary: We're on a mission to help local businesses grow. Our powerful messaging platform…,https://www.workopolis.com/jobsearch/viewjob/ku5a0s_WzaKpq9nG39jYSraoznVozNXcWdc-QUyXuzYHCdpURvUjUw?ak=software+developer+intern&l=toronto+on
Full Stack Developer Intern,Quantigo AI Incorporated,"Toronto, ON",,*This position is Funded by the Government of Canada as part of their Youth Employment and Skills Strategy and the candidates must meet the following…,https://www.workopolis.com/jobsearch/viewjob/RvpWqY994ksD6Gx03rVcpJ15FZhAc4FQLE6Dh-xZVonbbArySTH0WA?ak=software+developer+intern&l=toronto+on
Backend Developer Intern (Remote) - Winter 2022,Shopify,"Toronto, ON",7 days ago,"Company Description Shopify’s mission is to make commerce better for everyone. From building a new product feature for our commerce platform, to helping a…",https://www.workopolis.com/jobsearch/viewjob/vcJIhMzc08mkV53g3c4r-hoSua9dSS5IZ3KQNBVUt4hreXN6FDv-tA?ak=software+developer+intern&l=toronto+on
DevOps Developer Intern (8 Months),IBM Canada,"Markham, ON",2 days ago,"Introduction At IBM, work is more than a job – it’s a calling: To build. To design. To code. To consult. To think along with clients and sell. To make markets…",https://www.workopolis.com/jobsearch/viewjob/88t8SOrtR_L0uRGrOub5CY94e2BYPfLJt2kjSePBKebOwwGPNPf3-g?ak=software+developer+intern&l=toronto+on
Intern Conversion - Front End Developer,IBM,"Markham, ON",2 days ago,"Introduction Software Developers at IBM are the backbone of our strategic initiatives to design, code, test, and provide industry-leading solutions that make…",https://www.workopolis.com/jobsearch/viewjob/AHzganjOpZnKtHqzYzgbkyyN_T1tImSNlPF2HViAoPKAGt-vGNTWwA?ak=software+developer+intern&l=toronto+on
Software Developer (Internship),ShippingChimp Inc,"Mississauga, ON",,*Company description* ShippingChimp.com helps eCommerce businesses to improve the after checkout experience by providing Amazon-like order tracking page with…,https://www.workopolis.com/jobsearch/viewjob/0hft-S2xEU_-TfqTZHuy_rcU6igCzSJgvuCquQ0SfZriE-EdzetoWw?ak=software+developer+intern&l=toronto+on
Mobile Developer Intern (Remote) - Winter 2022,Shopify,"Toronto, ON",7 days ago,"Job Description Shopify’s mission is to make commerce better for everyone. From building a new product feature for our commerce platform, to helping a…",https://www.workopolis.com/jobsearch/viewjob/-gCx_hD8Ckz93QfJvRGD_F_v09wdovrdWPfMiduRxMw0wsap4HL0sA?ak=software+developer+intern&l=toronto+on
Back End Developer Intern (4 months),IBM,"Markham, ON",3 days ago,"Introduction At IBM, work is more than a job - it's a calling: To build. To design. To code. To consult. To think along with clients and sell. To make markets…",https://www.workopolis.com/jobsearch/viewjob/jQfSXUqooi5Djn1ZKEQSZlHM1Q06ei3Msp8G3KGLaPJWVM-AUg5F8A?ak=software+developer+intern&l=toronto+on
Jr. Web Developer - Training & Internship,Prepr,"Toronto, ON",2 days ago,Would you like a great developer job? Do you need to enhance your work readiness? Would you like valuable training to enhance your existing coding skills -…,https://www.workopolis.com/jobsearch/viewjob/hOoVai0kTQeeqj8YksZaXlfe-J9Qp7uUqTyYZt_F3YWEJCCGXQHLpw?ak=software+developer+intern&l=toronto+on
Developer: Technical Support Intern (8 months),IBM Canada,"Markham, ON",Today,"Introduction At IBM, work is more than a job – it’s a calling: To build. To design. To code. To consult. To think along with clients and sell. To make markets…",https://www.workopolis.com/jobsearch/viewjob/0B-Nn8QOtNZZWZht1pHCoAbwO1jSZLk_3KR1HdEHnZIcZ4_xd5HYng?ak=software+developer+intern&l=toronto+on
Hardware Developer Intern,Geotab,"Oakville, ON",1 day ago,Who we are: Geotab is a global leader in IoT and connected transportation and certified “Great Place to Work.” We are a company of diverse and talented…,https://www.workopolis.com/jobsearch/viewjob/kyGJBRAyqS4RJa_vmSgFPDjTldr4jjq2pas4iXXj06Phv02p1T8Jjg?ak=software+developer+intern&l=toronto+on
Intern Conversion - Automation and Testing Software Developer,IBM,"Markham, ON",11 days ago,"Introduction Software Developers at IBM are the backbone of our strategic initiatives to design, code, test, and provide industry-leading solutions that make…",https://www.workopolis.com/jobsearch/viewjob/UY0s1F7jJWO4CORQ4VUs0DXA3gtWVp3LgnOGiBWToIr4ul4gXXod0w?ak=software+developer+intern&l=toronto+on
VELOCITY - Tangerine - Software Developer Intern - Summer 2022,Tangerine Bank,"Toronto, ON",8 days ago,"Requisition ID: 120482 Tangerine is Canada’s leading direct bank. We offer flexible and accessible banking options, innovative products, and award-winning…",https://www.workopolis.com/jobsearch/viewjob/z0qelYrSoxGi8pv8YThCp4mDTHiiUaO2vsYYbALSkKjOl6T_vBegug?ak=software+developer+intern&l=toronto+on
"Intern - Software Engineer, Marketplace & Logistics (Winter 2022)",Wish,"Toronto, ON",Today,Company Description Wish is a mobile e-commerce platform that flips traditional shopping on its head. We connect hundreds of millions of people with the…,https://www.workopolis.com/jobsearch/viewjob/AEWvW7CNa9BexXekbfwPxnWeDUequIKK3Ak6S0kL5j3q6ct07VZaZA?ak=software+developer+intern&l=toronto+on
CAP Software Developer Intern - Winter 20221 (Canada),PagerDuty,"Toronto, ON",9 days ago,"PagerDuty is interviewing, onboarding, and working 100% virtually at this time. As we look to the future, we plan to be distributed by design, meaning unless…",https://www.workopolis.com/jobsearch/viewjob/C72PvNc96X9rsZ-qXTTEd_7dWcb-njr8xfLyxnDVo4CYAAYo-LVXUA?ak=software+developer+intern&l=toronto+on
Full Stack Developer Intern,TextMeAnywhere,"Toronto, ON",1 day ago,*\*\*We're looking to use the DS4Y Program to cover the wages for this role. You must be able to legally work in Canada. See other eligibility requirements…,https://www.workopolis.com/jobsearch/viewjob/lqF6aNArbJJllGjYVTG0oRe3gbZWPAyKBR3QAxpLSMttqy9i725lFA?ak=software+developer+intern&l=toronto+on
Compiler Developer Intern (16 months),IBM,"Markham, ON",2 days ago,"Introduction At IBM, work is more than a job - it's a calling: To build. To design. To code. To consult. To think along with clients and sell. To make markets…",https://www.workopolis.com/jobsearch/viewjob/xYH9cJIrVDjHs88UqBrJLXI1-9YFx06QFsOK52JjmGX2ESkFG3CRTg?ak=software+developer+intern&l=toronto+on
Intern Conversion - Back End Developer,IBM,"Markham, ON",13 days ago,"Introduction Software Developers at IBM are the backbone of our strategic initiatives to design, code, test, and provide industry-leading solutions that make…",https://www.workopolis.com/jobsearch/viewjob/ARY2l24CE70xMBxQtkeU8kg6gqlhM7FvAZ_zSNZeHj9WGCmE4fWZPQ?ak=software+developer+intern&l=toronto+on
"Mobile Developer Intern/Co-op (Winter 2022, 4 or 8 months)",Intuit,"Mississauga, ON",1 day ago,"Overview About Intuit Inc. At Intuit, we get up every morning with our hearts beating fast, driven by the knowledge that we're transforming the world of…",https://www.workopolis.com/jobsearch/viewjob/Vyq8RZ6H4mcAQeQPVk0dJh3jyOPRM-ZMDMi_Amk-I9_8IHVwUkd3MQ?ak=software+developer+intern&l=toronto+on
Python and ML programmer - internship project,nmodes,"Toronto, ON",1 day ago,An exciting ML project with a direct positive social impact for a junior programmer / student. Duration: 2-3 months. Possibility of hire after the…,https://www.workopolis.com/jobsearch/viewjob/tMsgmBbtd1O07nhMSYqw0HI6lr52Els40QmQ6BrLunjkp4kdwbmj_g?ak=software+developer+intern&l=toronto+on
"Test Automation Developer - PEY Intern, Winter 2022",Wonolo,"Toronto, ON",1 day ago,"Wonolo (Work Now Locally) is disrupting the $140BN temporary staffing industry. Founded in 2014, Wonolo's mission is to help people find consistent work.…",https://www.workopolis.com/jobsearch/viewjob/pAvSE97OpDtg6JoNWW2hhITjaXtQEzLFDoSqVcTD8UPh8Z-YE6ccqQ?ak=software+developer+intern&l=toronto+on
"Software Engineer – Designer Developer (PHP, MySQL, CSS, HTML)",Internet Stores Network,"Markham, ON",4 days ago,"Markham, Ontario, Canada - Full Time This position is a paid internship that can lead to part time and/or full time. ISN Stores is a fast growing e-commerce…",https://www.workopolis.com/jobsearch/viewjob/uUTIiMKshhlaJeO52EGhrE_5Nw-PdqVDnk14Z3Bx7Q04MHI6GtTsjA?ak=software+developer+intern&l=toronto+on
QA Software Developer Intern (Paid),DemandHub,"Toronto, ON",9 days ago,Role: QA Software Development Intern (Paid) Company: DemandHub Summary: We're on a mission to help local businesses grow. Our powerful messaging platform…,https://www.workopolis.com/jobsearch/viewjob/ku5a0s_WzaKpq9nG39jYSraoznVozNXcWdc-QUyXuzYHCdpURvUjUw?ak=software+developer+intern&l=toronto+on
Full Stack Developer Intern,Quantigo AI Incorporated,"Toronto, ON",,*This position is Funded by the Government of Canada as part of their Youth Employment and Skills Strategy and the candidates must meet the following…,https://www.workopolis.com/jobsearch/viewjob/RvpWqY994ksD6Gx03rVcpJ15FZhAc4FQLE6Dh-xZVonbbArySTH0WA?ak=software+developer+intern&l=toronto+on
Software Engineer Intern (Winter 2022) - Toronto,Coursera,"Toronto, ON",,"Coursera was launched in 2012 by two Stanford Computer Science professors, Andrew Ng and Daphne Koller, with a mission to provide universal access to world…",https://www.workopolis.com/jobsearch/viewjob/JD7mzJ_4TLLktG_Nst-VykAYiBCltfi5I64rc4xXlJWHKsqybUdMSw?ak=software+developer+intern&l=toronto+on
Full Stack Developer Intern,Quantigo AI Incorporated,"Toronto, ON",,*This position is Funded by the Government of Canada as part of their _Youth Employment and Skills Strategy _and the candidates must meet the following…,https://www.workopolis.com/jobsearch/viewjob/RvpWqY994ksD6Gx03rVcpJ15FZhAc4FQLE6Dh-xZVonbbArySTH0WA?ak=software+developer+intern&l=toronto+on
Intern Conversion - Compiler Developer,IBM,"Markham, ON",2 days ago,"Introduction Software Developers at IBM are the backbone of our strategic initiatives to design, code, test, and provide industry-leading solutions that make…",https://www.workopolis.com/jobsearch/viewjob/eH7gk4hQ9g3es6vsrWFopW_X2ew4sHSbVqyuuate93OtP9GklICylw?ak=software+developer+intern&l=toronto+on
Web Design/developer Intern/co-op,Enterprise Web Cloud,"Mississauga, ON",3 days ago,*About us* Enterprise Web Cloud is a fast-growing digital marketing and website design company based in Mississauga. We have experienced team of developers…,https://www.workopolis.com/jobsearch/viewjob/unRwZ9K6q0vnlgoAcJt0Uv3NjRRZHto9sIilP5Fj1cr85A-DGpKrtA?ak=software+developer+intern&l=toronto+on
Embedded Systems Developer Intern,Geotab,"Oakville, ON",9 days ago,Who we are: Geotab is a global leader in IoT and connected transportation and certified “Great Place to Work.” We are a company of diverse and talented…,https://www.workopolis.com/jobsearch/viewjob/-o2WB7UF6AflNkWJ8mGy5cZvKD3wAENkbSLqsVT-9NSa6Kur12MQwA?ak=software+developer+intern&l=toronto+on
Developer (CO-OP/INTERN),Property Vista,"Toronto, ON",,"Introduction It’s time to think differently. It’s time to think beyond the door. Develop your career, gain experience, get acknowledged for your efforts and…",https://www.workopolis.com/jobsearch/viewjob/6dHpG55GaNVCecGdR470eWpxOE5xxgY7fe0CewgDqCU7gLrEq6CD1A?ak=software+developer+intern&l=toronto+on
Front End Developer Intern (4 months),IBM Canada,"Toronto, ON",1 day ago,"Introduction At IBM, work is more than a job – it’s a calling: To build. To design. To code. To consult. To think along with clients and sell. To make markets…",https://www.workopolis.com/jobsearch/viewjob/xiOqWoUHZ0vsBrgdlWkp7wJ6rK0bRCGqaMxGSdH7ve-2GPfKaSLzqg?ak=software+developer+intern&l=toronto+on
IoT & Developer Intern (4 months),IBM Canada,"Toronto, ON",1 day ago,"Introduction At IBM, work is more than a job – it’s a calling: To build. To design. To code. To consult. To think along with clients and sell. To make markets…",https://www.workopolis.com/jobsearch/viewjob/4dgQ8XpaPIVeYStmSGg4hcgh0v-x-umMntGZRT0XJs6-_yOeB1Fx1A?ak=software+developer+intern&l=toronto+on
Software Engineering Co-op (Winter),HomeX,"Toronto, ON",7 days ago,"HomeX is an end-to-end technology and services platform for both homeowners and service providers, radically improving the historically complex and fragmented…",https://www.workopolis.com/jobsearch/viewjob/cUrJFDmVLnZvhr_1Hx31DKofrctZtjrq_qbmwPn1WwXqLTE_ZwA6qg?ak=software+developer+intern&l=toronto+on
PEY Software & Machine Learning Engineering Intern – Spring 2022,Cerebras Systems,"Toronto, ON",,"Cerebras has developed a radically new chip, system, and software stack to dramatically accelerate deep learning applications. Our system runs training and…",https://www.workopolis.com/jobsearch/viewjob/0ipbb4ZvmNThNtW3z8BUAg8XxkdEjxP0eqTgp41cM_hJ30Fi4Eg_Dg?ak=software+developer+intern&l=toronto+on
Co-op Student Placement - Software Engineering Quality Assurance,RockMass Technologies,"Toronto, ON",14 days ago,This position is for an unpaid co-op student placement position starting in September 2021. We are a Canadian startup that provides digital and streamlined…,https://www.workopolis.com/jobsearch/viewjob/ppBMIyvYHDdk7PjY0qqbGEGl7EHj93cU4jMR2MAsg5xkDa27KCWhaw?ak=software+developer+intern&l=toronto+on
Automation Dev. & Test Developer Intern (8 months),IBM Canada,"Markham, ON",3 days ago,"Introduction At IBM, work is more than a job – it’s a calling: To build. To design. To code. To consult. To think along with clients and sell. To make markets…",https://www.workopolis.com/jobsearch/viewjob/OBL_jIPIq4ZhQ-zhnz_WlLqwx_wFGgsuvoLjlVdvlP3wMeyi7bhcJQ?ak=software+developer+intern&l=toronto+on
"Emerging Machine Learning Developer, Intern",Cash App,"Toronto, ON",,"Company Description Square builds common business tools in unconventional ways so more people can start, run, and grow their businesses. When Square started,…",https://www.workopolis.com/jobsearch/viewjob/d8sj57k9ubTB2bjr3cu5KqFXYok9VYmjJgiegcDVzDhNR-4hf0RpoQ?ak=software+developer+intern&l=toronto+on
TD Innovation Lab – Software Developer Intern/Co-op,TD Bank,"Toronto, ON",,"All companies are not the same. What makes TD special as a business is also, what makes us special as an employer. Why TD? TD's Colleague Promise: A better…",https://www.workopolis.com/jobsearch/viewjob/r7uUvdHZ-VCtUT6nt5WrLUlZZejlEwh5-zxEpEBl-DTsgAXFReQIbw?ak=software+developer+intern&l=toronto+on
Mobile Software Engineer Intern/Co-op,TD Bank,"Toronto, ON",7 days ago,"All companies are not the same. What makes TD special as a business is also, what makes us special as an employer. Why TD? TD's Colleague Promise: A better…",https://www.workopolis.com/jobsearch/viewjob/zLfMnpxXkd2WoFGeKFAfq8kk3KeM2RuyV5fBrnlUdzlP1BpSr-bWrg?ak=software+developer+intern&l=toronto+on
Backend Developer Internship,Ridecycle,"Toronto, ON",,Job description At Ridecycle we are opening our doors and giving students a chance to learn and make a difference in a start-up environment. We are offering…,https://www.workopolis.com/jobsearch/viewjob/Yb1wgIZU7BGUYCxRjv9xKW9C2vMy5kJrj4KPuC17iyonsif60nN6Hg?ak=software+developer+intern&l=toronto+on
CAP Mobile iOS Developer Intern - Winter 2022 (Canada),PagerDuty,"Toronto, ON",9 days ago,"PagerDuty is interviewing, onboarding, and working 100% virtually at this time. As we look to the future, we plan to be distributed by design, meaning unless…",https://www.workopolis.com/jobsearch/viewjob/DITI6RoSvl8s52EEJ9Las7X0KjzyiWKlUz8gGKFgmAeagVW8ak3VVg?ak=software+developer+intern&l=toronto+on
"Backend Developer (Payments), Co-op",Prodigy Game,"Toronto, ON",10 days ago,"During the Covid-19 pandemic Prodigy is operating, hiring, and onboarding 100% remotely for the time being. Since being founded in 2011, Prodigy Education…",https://www.workopolis.com/jobsearch/viewjob/-ABISTtvDgACEr5dJMi35CGkMLNrafvckfU780hJmiz9_rTLbyRKiA?ak=software+developer+intern&l=toronto+on
Software Engineering Winter Intern (Canada),Pinterest,"Toronto, ON",,"About Pinterest: Millions of people across the world come to Pinterest to find new ideas every day. It's where they get inspiration, dream about new…",https://www.workopolis.com/jobsearch/viewjob/OTInS8pELwiwUwUyz87Ifg3IFIEmXXNLxGxyXPYAA4_5ZI1oo84ibA?ak=software+developer+intern&l=toronto+on
"Game Developer (Game Editor & Live Health), Co-op",Prodigy Game,"Oakville, ON",10 days ago,"During the Covid-19 pandemic Prodigy is operating, hiring, and onboarding 100% remotely for the time being. Since being founded in 2011, Prodigy Education…",https://www.workopolis.com/jobsearch/viewjob/CghzXM7YJ5_xcM88enTU5dCFeDtjYiOeqNIFfMU9GGS4bZN6HjUCpw?ak=software+developer+intern&l=toronto+on
QA Software Developer Intern (Paid),DemandHub,"Toronto, ON",9 days ago,Role: QA Software Development Intern (Paid) Company: DemandHub Summary: We're on a mission to help local businesses grow. Our powerful messaging platform…,https://www.workopolis.com/jobsearch/viewjob/ku5a0s_WzaKpq9nG39jYSraoznVozNXcWdc-QUyXuzYHCdpURvUjUw?ak=software+developer+intern&l=toronto+on
Full Stack Developer Intern,Quantigo AI Incorporated,"Toronto, ON",,*This position is Funded by the Government of Canada as part of their Youth Employment and Skills Strategy and the candidates must meet the following…,https://www.workopolis.com/jobsearch/viewjob/RvpWqY994ksD6Gx03rVcpJ15FZhAc4FQLE6Dh-xZVonbbArySTH0WA?ak=software+developer+intern&l=toronto+on
"Intern, Dev Analyst",Equitable Bank,"Toronto, ON",4 days ago,Canada's Challenger Bank™ Equitable Group Inc. trades on the Toronto Stock Exchange (TSX: EQB and EQB.PR.C) and serves a growing number of Canadians through…,https://www.workopolis.com/jobsearch/viewjob/50LF_tgPMpqmrDfQeCUaP1UW_fR_kl86hDsD93K9I4wPSW3ltJkqRw?ak=software+developer+intern&l=toronto+on
Associate Software Developer - Internship,AltaML,"Toronto, ON",,Please note: This opportunity is for current students looking for work experience in January 2022. As a Software Developer Associate you will be responsible…,https://www.workopolis.com/jobsearch/viewjob/s_ZxqwraOYizCUH9le1Pb_lxVnVyBj_iYkeT2eDKVzTgKVvvArM5fQ?ak=software+developer+intern&l=toronto+on
Software Engineer Intern/Co-op,TD Bank,"Toronto, ON",,"All companies are not the same. What makes TD special as a business is also, what makes us special as an employer. Why TD? TD's Colleague Promise: A better…",https://www.workopolis.com/jobsearch/viewjob/5qi5pUUjIk7hLSst0SlfPdsKBrjaRhQa3r0ERogrQvtZ24HJW74btA?ak=software+developer+intern&l=toronto+on
Fall Software Engineering Internship/Co-op (October to December),Quipp.ai - ZHY Interactive Incorporated,"Toronto, ON",,"Quipp.ai is a highly nimble social platform. Users can compile, discuss and, preserve anyone's offline and digital footprint and share them with the world…",https://www.workopolis.com/jobsearch/viewjob/7gtJw7P0Zyxkj0t20JOvzlhq6KxkJG0v7gtrnH4v-Wa7gieN-MHqwQ?ak=software+developer+intern&l=toronto+on
ETL Developer - 4 Month Co-op/Internship (Winter 2022),Intact,"Toronto, ON",10 days ago,"It’s more than a great career. It’s a bright future. Are you looking to gain invaluable industry experience and fast-track an exciting career? At Intact, we…",https://www.workopolis.com/jobsearch/viewjob/dVlBCS1nn156z7CY9NohW-dJQphfH8RbqSmd8Vobt0FD6jT4wUmydw?ak=software+developer+intern&l=toronto+on
Student Developer,Waterfront International,"Toronto, ON",,We're seeking highly motivated students who possess strong technical skills and the ability to work in a fast-paced collaborative environment. Internship…,https://www.workopolis.com/jobsearch/viewjob/BHBBnC7AL5It2UGKZPvGbzG0WzyV4Y4554UFtEU2C9triinslsLKaw?ak=software+developer+intern&l=toronto+on
Jr Automation Developer Student- Winter 2022,Canadian Tire,"Toronto, ON",1 day ago,As part of the Intelligent Automation Centre of Excellence. You will design and program Process Automation solutions (Bots) by analyzing operational processes…,https://www.workopolis.com/jobsearch/viewjob/h1FB77O0eYGvTpnRSIUIbNnfuHANI326npxMwsUybHpkR7ffuBp1kw?ak=software+developer+intern&l=toronto+on
Internship Web Designer and Front End Developer,Conet-Tech,"Toronto, ON",,"As an ideal candidate, you have the following qualifications: Proficient in Creating Mockups, Enhancing Logos/designs/Images. Solid writing skills and Good…",https://www.workopolis.com/jobsearch/viewjob/x3iUodwBe72FtKlyVBs8wLaA2eath_BRoH0FpTj3A5sYGpYKeD268A?ak=software+developer+intern&l=toronto+on
"Student, Service Now Developer",OMERS,"Toronto, ON",8 days ago,"Why join us? Are you looking to join a dynamic pension plan that embodies the strong values of its 500,000 members and is an industry leading global investor…",https://www.workopolis.com/jobsearch/viewjob/1hfXr1fLb2G7asgluMglu_7E-UelnQ2IvpK_P1vRTu80OCx44GQ9zg?ak=software+developer+intern&l=toronto+on
"Developer, Investment Analytics, (Winter Co-op 2022)",RBC,"Toronto, ON",,"The team The Investment Analytics team broadly supports our portfolio managers, analysts, and investment advisors. Our work supports the creation of…",https://www.workopolis.com/jobsearch/viewjob/47x4spy4GrtvTtnfgrxNkTrrb0nC1I3yO8CfP07zu84rZjy9WVFmfg?ak=software+developer+intern&l=toronto+on
Software Engineer Co-op (January to April),Index Exchange,"Toronto, ON",9 days ago,About Us: We are a global technology company that connects the largest publishers and marketers across the globe through programmatic advertising. We ensure…,https://www.workopolis.com/jobsearch/viewjob/YItUsQyKIv6pgfCnMAPZf6vYu8qwomSq6sBXKcWec6t1VXVEs2Ujtw?ak=software+developer+intern&l=toronto+on
AI Back End Developer – 4 Month Co-op/Internship (Winter 2022),Intact,"Toronto, ON",,"It’s more than a great career. It’s a bright future. Are you looking to gain invaluable industry experience and fast-track an exciting career? At Intact, we…",https://www.workopolis.com/jobsearch/viewjob/lEPPGYrOkE_oGLipZUKeo958Veut2kTX3xcLSG2dHDgAgc8luHAzww?ak=software+developer+intern&l=toronto+on
Intern Conversion - DevOps Developer,IBM Canada,"Markham, ON",,"Introduction Software Developers at IBM are the backbone of our strategic initiatives to design, code, test, and provide industry-leading solutions that make…",https://www.workopolis.com/jobsearch/viewjob/_9DVltZSAnEOkLznwcf6t42V0Iejt7MfCFBmt6z7DYlHImYdTDM__g?ak=software+developer+intern&l=toronto+on
Associate ML Developer - Internship,AltaML,"Toronto, ON",,This opportunity is for current students and is for a Winter internship opportunity starting January 2022. As Associate Machine Learning Developer and a…,https://www.workopolis.com/jobsearch/viewjob/JQCFS2CPuOx0z8DooTDBNgeOxWgeSpJ0RH-r4ZxxaomMRyvYQlQpDg?ak=software+developer+intern&l=toronto+on
Data Software Engineer Co-op (January to April),Index Exchange,"Toronto, ON",9 days ago,About Index Exchange We are a global technology company that connects the largest publishers and marketers across the globe through programmatic advertising.…,https://www.workopolis.com/jobsearch/viewjob/gGP0nTyu7aHaKIhoYVfC8mZhlxgT2aRoYcl_ET2XnalpoPjCRg6ddQ?ak=software+developer+intern&l=toronto+on
"Software Engineer, Intern - Toronto",DoorDash,"Toronto, ON",,"DoorDash is building the world's most reliable on-demand, logistics engine for delivery! We're looking for experienced engineers to join our fast-growing…",https://www.workopolis.com/jobsearch/viewjob/j8dKB0H2Gk7ue8W-VLjgLGtFso57mMyMGXfzriraF5lBWj0JenRyKg?ak=software+developer+intern&l=toronto+on
Portfolio Analytics Developer Intern/Co-op,TD Bank,"Toronto, ON",,"All companies are not the same. What makes TD special as a business is also, what makes us special as an employer. Why TD? TD's Colleague Promise: A better…",https://www.workopolis.com/jobsearch/viewjob/y3rT0nXkQ5g2mp0u6v8Z9DAPMmlK8hjAvYNJb7Um4DqqX0t1cSb6DQ?ak=software+developer+intern&l=toronto+on
Web Developer & Designer - UI/UX - (Paid Internship),DemandHub,"Toronto, ON",8 days ago,Web Developer & Designer - UI/UX (Paid Internship) Are you looking for an opportunity to launch your career in web development and design? We're hiring a Web…,https://www.workopolis.com/jobsearch/viewjob/XYd5_YM1EIRaYCyXUqT7cus2FZmhaXtFku-Owr0SjUEmdyaqkv7SNA?ak=software+developer+intern&l=toronto+on
Payments Innovation Developer Intern/Co-op,TD Bank,"Toronto, ON",,"All companies are not the same. What makes TD special as a business is also, what makes us special as an employer. Why TD? TD's Colleague Promise: A better…",https://www.workopolis.com/jobsearch/viewjob/h8vz_w2c7QWihyUF9XBbd_x0pyZSwt_4xj-PEzGWTWk4TTj-YLJ55Q?ak=software+developer+intern&l=toronto+on
ON - 2022 Field Services Business Intelligence Analytics Developer Internship,Bell Canada,"Toronto, ON",,"Req Id: 316000 At Bell, we do more than build world-class networks, develop innovative services and create original multiplatform media content – we’re…",https://www.workopolis.com/jobsearch/viewjob/iQu-fM-j3-aIgodqIn2fMcRlo-b0Df8GGTQveZ12CtXpcCjOPrzEkQ?ak=software+developer+intern&l=toronto+on
QA Software Developer Intern (Paid),DemandHub,"Toronto, ON",9 days ago,Role: QA Software Development Intern (Paid) Company: DemandHub Summary: We're on a mission to help local businesses grow. Our powerful messaging platform…,https://www.workopolis.com/jobsearch/viewjob/ku5a0s_WzaKpq9nG39jYSraoznVozNXcWdc-QUyXuzYHCdpURvUjUw?ak=software+developer+intern&l=toronto+on
Full Stack Developer Intern,Quantigo AI Incorporated,"Toronto, ON",,*This position is Funded by the Government of Canada as part of their Youth Employment and Skills Strategy and the candidates must meet the following…,https://www.workopolis.com/jobsearch/viewjob/RvpWqY994ksD6Gx03rVcpJ15FZhAc4FQLE6Dh-xZVonbbArySTH0WA?ak=software+developer+intern&l=toronto+on
CAP Android Developer Intern - Winter 2022 (Canada),PagerDuty,"Toronto, ON",9 days ago,"PagerDuty is interviewing, onboarding, and working 100% virtually at this time. As we look to the future, we plan to be distributed by design, meaning unless…",https://www.workopolis.com/jobsearch/viewjob/a22832Z2vqqO2FcoR1S98aLKNR5GyxSB5ZUe8fza_L9sjfQAdLygaw?ak=software+developer+intern&l=toronto+on
"Full Stack Developer (Memberships), Co-op",Prodigy Game,"Toronto, ON",10 days ago,"During the Covid-19 pandemic Prodigy is operating, hiring, and onboarding 100% remotely for the time being. Since being founded in 2011, Prodigy Education…",https://www.workopolis.com/jobsearch/viewjob/LwJodVJMhM3vRJbWl8RRImK549qh7tZYN-cSTKgeO-aWIwC1KmPhBA?ak=software+developer+intern&l=toronto+on
Business Development Associate - Internship,AltaML,"Toronto, ON",,This opportunity is for current students looking for work experience in Winter 2022. (January - April). AltaML is a fast-growing scaleup that focuses on…,https://www.workopolis.com/jobsearch/viewjob/s4GCyJ6_K2eaNahVOXLxmok12dX47zDT2BbPT-ahsu3w0fSNn0tA8A?ak=software+developer+intern&l=toronto+on
"Full Stack Developer (API Gateway/Rostering), Co-op",Prodigy Game,"Toronto, ON",10 days ago,"During the Covid-19 pandemic Prodigy is operating, hiring, and onboarding 100% remotely for the time being. Since being founded in 2011, Prodigy Education…",https://www.workopolis.com/jobsearch/viewjob/zZa5luy5R38lqntvC9yqFP32diDWNw0UUTP00Th4klWJzl3B1DWaWw?ak=software+developer+intern&l=toronto+on
"Full Stack Developer (Backend), Co-op",Prodigy Game,"Oakville, ON",10 days ago,"During the Covid-19 pandemic Prodigy is operating, hiring, and onboarding 100% remotely for the time being. Since being founded in 2011, Prodigy Education…",https://www.workopolis.com/jobsearch/viewjob/i36H6XPu6gt3Kwx2pBv8NI_QaYvV8Sexd31NM0DdD0oObKgBktNvTQ?ak=software+developer+intern&l=toronto+on
"Full Stack Developer (Identity), Co-op",Prodigy Game,"Toronto, ON",10 days ago,"During the Covid-19 pandemic Prodigy is operating, hiring, and onboarding 100% remotely for the time being. Since being founded in 2011, Prodigy Education…",https://www.workopolis.com/jobsearch/viewjob/DuNA8hf9YOCcZe0yYMQhd6h1mFr6yBdqlyyMzCiLr6x4yPUnngmYpA?ak=software+developer+intern&l=toronto+on
"Full Stack Developer (Online Tutoring), Co-op",Prodigy Game,"Toronto, ON",10 days ago,"During the Covid-19 pandemic Prodigy is operating, hiring, and onboarding 100% remotely for the time being. Since being founded in 2011, Prodigy Education…",https://www.workopolis.com/jobsearch/viewjob/nQLiOsUPsEOeb3mRMXsMUvSHTJQJ1FT2gAyeBssu2F-Br0GqFAeQwQ?ak=software+developer+intern&l=toronto+on
"GBP - Data Analyst & BI Developer, Fall 2021 Co-op",Scotiabank,"Toronto, ON",,"Requisition ID: 103599 Join a purpose driven winning team, committed to results, in an inclusive and high-performing culture. GBP - Data Analyst & BI…",https://www.workopolis.com/jobsearch/viewjob/BzJc4kOvuWl3cwgAswFC0lO0izZeGJlgBK6ab4G24Sfw4UpJWzZUyA?ak=software+developer+intern&l=toronto+on
"Full Stack Developer (Education), Co-op",Prodigy Game,"Toronto, ON",10 days ago,"During the Covid-19 pandemic Prodigy is operating, hiring, and onboarding 100% remotely for the time being. Since being founded in 2011, Prodigy Education…",https://www.workopolis.com/jobsearch/viewjob/t9t5ybTFri3hl3NEveqFKgm9pMskV_Zrg1EQND-rdnpIpkoqzg6meQ?ak=software+developer+intern&l=toronto+on
"Intern - Programmer Analyst, Investment IT Architecture (4 or 8 month contract)",Ontario Teachers' Pension Plan,"Toronto, ON",,"The Opportunity January 2022 – April 2022/August 2022 Do you want to experiment with Azure cloud, Microservice Architecture, Kubernetes, sophisticated…",https://www.workopolis.com/jobsearch/viewjob/vxtZ0ihHWF08_MMv47iZQhUAsD8vP7_795IWHLLtPQhk-DNshw6qcw?ak=software+developer+intern&l=toronto+on
QC - 2022 Field Services Business Intelligence Analytics Developer Internship,Bell Canada,"Toronto, ON",,"Req Id: 316001 At Bell, we do more than build world-class networks, develop innovative services and create original multiplatform media content – we’re…",https://www.workopolis.com/jobsearch/viewjob/fND626ekrd18kYqE5uBSoZTRIb_QIq-nhrSwTt6Ja7FJo1PQDQcp4g?ak=software+developer+intern&l=toronto+on
